{
  "project_info": {
    "project_number": "245597712050",
    "firebase_url": "https://merchant-ae551.firebaseio.com",
    "project_id": "merchant-ae551",
    "storage_bucket": "merchant-ae551.appspot.com"
  },
  "client": [
    {
      "client_info": {
        "mobilesdk_app_id": "1:245597712050:android:89fbc3e12279bb7db4e3ab",
        "android_client_info": {
          "package_name": "com.mytawla.merchant"
        }
      },
      "oauth_client": [
        {
          "client_id": "245597712050-2f5jtm8ht011g1qu584o5hi6t1uvur7a.apps.googleusercontent.com",
          "client_type": 3
        }
      ],
      "api_key": [
        {
          "current_key": "AIzaSyBa99pisiNxqMy2yG2oBwGSrlvhW3qcJBQ"
        }
      ],
      "services": {
        "appinvite_service": {
          "other_platform_oauth_client": [
            {
              "client_id": "245597712050-2f5jtm8ht011g1qu584o5hi6t1uvur7a.apps.googleusercontent.com",
              "client_type": 3
            }
          ]
        }
      }
    }
  ],
  "configuration_version": "1"
}